Crash ID,File Class,Incident #,Crash Date,Crash Time,No. of Units,Crash Type,Light,Road Surface Condition,Total Lanes,Speed Limit,Road Type,Driver Licence State,Age,Sex,Race,Total Occupants,Hazardous Action,Restraint,Airbag Deployed,Hospital,Ambulance,Year,Make,Color,Vehicle Type,Vehicle Direction,Vehicle Use,Action Prior,Narrative,changes
1242615,9300-1,220007538,01/29/2022,20:20,1,Single Motor Vehicle,Dark-Unlighted,Dry,2,50,Suffix,MI,50,F,W,01,,Shoulder and Lap Belt,Not Deployed,NONE,NONE,2019,CHEVROLET,WHITE,"Passenger Car, SUV, Van",E,Private,Going Straight Ahead,"UNIT 1 TRAVELING EB ON PLYMOUTH RD WHEN A DEER EMERGED FRON THE NOTH SIDE OF THE ROAD, NOT LEAVING UNIT 1 ENOUGH TIME TO AVOID THE COLLISION. MINOR DAMAGE. NO INJ. ",
342675,93001,12107422,02/14/2022,13:20,2,Rear End,Daylight,Dry,2,70,FWY,MI,29,M,W,01,Other,Shoulder and Lap Belt,Not Deployed,NONE,NONE,2005,FORD,YEL,"Passenger Car, SUV, Van",S,Private,Going Straight Ahead,Unit 1 driver stated he looked down to text and was unable to stop before hitting Unit 2. No injuries reported. ,
341634,93001,12103222,02/12/2022,20:20,1,Single Motor Vehicle,Dark-Unlighted,Dry,2,65,HWY,GA,48,M,U,02,,Shoulder and Lap Belt,Not Deployed,NONE,NONE,2013,MERC,SIL,"Passenger Car, SUV, Van",NE,Private,Going Straight Ahead,V1 travelling NE on M-14. Shopping carts had fallen off a vehicle in front of V1. V1 could not avoid the shopping carts and struck them. ,
342769,93001,12106422,02/14/2022,03:20,1,Single Motor Vehicle,Dark-Unlighted,Wet,2,70,FWY,MI,27,F,W,01,Careless Driving,Shoulder and Lap Belt,Deployed - Combination,UNIV OF MICHIGAN HEALTH SYSTEM,HURON VALLEY AMB INC,2014,NISSAN,BLK,"Passenger Car, SUV, Van",N,Private,Negotiating a Curve,"UNIT 1 WAS NORTHBOUND ON US-23 IN THE EAST TRIPLE INTERCHANGE. UNIT 1 LOST CONTROL, RAN OFF THE ROADWAY TO THE RIGHT, STRUCK A CONCRETE WALL, OVERTURNED, AND CAME TO REST UPRIGHT. THE DRIVER OF UNIT 1 SAID SHE WAS HANGING UP A PHONE CALL RIGHT BEFORE THE CRASH AND HAD NOT SLEPT SINCE 0600 THE DAY BEFORE. I CITED THE DRIVER OF UNIT 1 FOR CARELESS DRIVING. THE DRIVER OF UNIT 1 HAD A POSSIBLE HEAD INJURY. ",
1243048,9300-1,220007994,01/31/2022,18:16,1,Single Motor Vehicle,Dark-Unlighted,Dry,2,55,Suffix,MI,33,M,W,01,,Shoulder and Lap Belt,Not Deployed,NONE,NONE,2020,FORD,SILVER,"Passenger Car, SUV, Van",N,Private,Going Straight Ahead,UNIT 1 WAS TRAVELING NORTH BOUND ON NIXON ROAD.  A DEER ENTERED THE ROADWAY AND UNIT 1 STRUCK THE DEER ON ITS FRONT RIGHT. ,
1244031,9300-1,220008719,02/03/2022,17:10,2,Rear End,Dark-Lighted,Snow,2,45,Suffix,MI,87,M,W,01,Unable to Stop,Shoulder and Lap Belt,Not Deployed,NONE,NONE,2001,VOLVO,BLACK,"Passenger Car, SUV, Van",E,Private,Going Straight Ahead,BOTH UNITS TRAVELING EB ON E HURON RIVER DR. UNIT 2 WAS SLOWING DOWN AND GETTING READY TO STOP AT THE LIGHT. UNIT 1 LOSS CONTROL AND STARTED SLIDING DUE TO WEATHER CONDITIONS AND WAS UNABLE TO AVOID COLLISION WITH UNIT 2. NO INJ. UNIT 1 WAS TOWED TO BREWER'S DUE TO LOCATION OF MINOR DAMAGE. MINOR DAMAGE TO UNIT 2. ,
342790,93001,1284222,02/05/2022,11:00,2,Sideswipe-Same,Daylight,Snow,3,70,FWY,MI,32,F,U,01,Speed Too Fast,Restraint Use Unknown,Not Deployed,NONE,NONE,2018,CHEVROLET,WHI,Pickup Truck,N,Private,Going Straight Ahead,"UNIT 1 WAS TRAVELING NB ON US23 WHEN SHE STATED SHE WAS STRUCK BY UNIT 2, LOST CONTROL, AND STRUCK MULTIPLE GUARD RAILS.  UNIT 1 LEFT THE SCENE AFTER IT OCCURRED AT 1100HRS AND FAILED TO EXPLAIN WHY SHE DID NOT GO STRAIGHT TO A POLICE STATION OR REPORT THE TRAFFIC CRASH, RATHER LEFT HER VEHICLE ABANDONED ON THE SIDE OF THE FREEWAY.  I ATTEMPTED TO CONTACT UNIT 2 TO FOLLOW UP WITH THE DRIVER REGARDING THE CRASH HOWEVER WAS UNSUCCESSFUL LOCATING ANYONE AT THE ADDRESS UNIT 2 WAS REGISTERED TO.  I LEFT A BUSINESS CARD WITH CONTACT INFORMATION AND AS OF 02/18/2022 I HAVE YET TO RECEIVE ANY CONTACT FROM UNIT 2.  UNIT 1 WAS TOWED FROM THE SCENE BY BREWER'S TOWING. ",
342475,93001,12117622,02/18/2022,08:00,3,Rear End,Daylight,Snow,2,70,Suffix,MI,27,M,W,01,Unable to Stop,Shoulder and Lap Belt,Not Deployed,NONE,NONE,2010,FORD,SIL,"Passenger Car, SUV, Van",E,Private,Slowing/Stop on Roadway,Driver 2 was driving E/B on M 14 when he began to slow down due to a traffic back up. Driver 1 was unable to stop in time and rear ended Driver 2. The collision between Driver 1 and Driver 2 caused Driver 2 to rear end Driver 3. ,
342274,93001,12131522,02/24/2022,21:00,1,Single Motor Vehicle,Dark-Unlighted,Snow,2,70,Suffix,MI,23,F,B,01,Speed Too Fast,Shoulder and Lap Belt,Deployed - Front,NONE,NONE,2006,MERCURY,GLD,"Passenger Car, SUV, Van",S,Private,Going Straight Ahead,Unit 1 advised she was SB US-23 near <PERSON> when she lost control of her vehicle and went off the roadway right into the trees. Unit 1 refused medical. ,"- Geddes
+ <PERSON>"
342840,93001,12118422,02/18/2022,11:00,2,Angle,Daylight,Ice,2,70,Suffix,IL,21,F,U,01,Speed Too Fast,Shoulder and Lap Belt,Not Deployed,NONE,NONE,2020,FORD,BLK,"Passenger Car, SUV, Van",S,Private,Going Straight Ahead,"Driver #1 was traveling E/B on M14 when she lost control causing her to crash into Driver #2.   Driver #2 was traveling straight ahead when Driver #1 lost control of her vehicle, <PERSON> in the one available lane on the freeway causing Driver #2 to crash into Driver #1 . ","+ <PERSON>
- jack
- knifed"
342487,93001,12132922,02/25/2022,05:10,2,Rear End,Dark-Unlighted,Snow,2,70,Suffix,MI,39,F,W,01,Speed Too Fast,Shoulder and Lap Belt,Not Deployed,NONE,NONE,2009,NISSAN,WHI,"Passenger Car, SUV, Van",N,Private,Going Straight Ahead,"The driver of unit 1 advised they lost control of their vehicle and went sideways in the lane and was truck by unit 2.   The driver of unit 2 advised unit 1 lost contol in front of him, turned sideways and he struck them. ",
342761,93001,12126322,02/22/2022,16:55,2,Rear End,Daylight,Wet,3,70,FWY,MI,68,M,W,01,Unable to Stop,Shoulder and Lap Belt,Deployed - Front,NONE,NONE,2005,ACURA,GRY,"Passenger Car, SUV, Van",N,Private,Going Straight Ahead,"BOTH VEHICLES WERE TRAVELING NB ON US 23 IN THE RIGHT LANE WHEN TRAFFIC SLOWED DUE TO NORMAL CONGESTION.  VEHICLE 2 SLOWED FOR TRAFFIC.  DRIVER OF VEHICLE 1 STATED HE DID NOT OBSERVE TRAFFIC SLOWING, AS HE WAS REACHING FOR A BEVERAGE CAN THAT HAD FALLEN.  DRIVER OF VEHICLE 1 FAILED TO BRAKE IN TIME AND COLLIDED WITH THE REAR OF VEHICLE 2.  THE COLLISION CAUSED DISABLING DAMAGE TO THE FRONT BUMPER / HOOD AREA OF VEHICLE 1 AND DISABLING DAMAGE TO THE REAR BUMPER / LIFT GATE OF VEHICLE 2.  DRIVER OF VEHICLE 2 COMPLAINED OF HEAD AND NECK PAIN AND WAS TRANSPORTED TO THE HOSPITAL FOR EVALUATION.  DRIVER OF VEHICLE 1 STATED HIS WRIST WAS SORE BUT DID NOT WANT MEDICAL EVALUATION ON SCENE. ",
341842,93001,12115522,02/17/2022,16:00,1,Single Motor Vehicle,Daylight,Ice,2,70,EXPY,MI,21,F,B,01,Speed Too Fast,Shoulder and Lap Belt,Not Deployed,NONE,NONE,2011,CHEVROLET,BLK,"Passenger Car, SUV, Van",S,Private,Going Straight Ahead,"UNIT 1 WAS TRAVELING S/B US-23 EXPY, WHEN THE DRIVER LOST CONTROL OF THEIR VEHICLE.  UNIT 1 RAN LEFT OFF OF THE ROADWAY AND STRUCK A CEMENT BARRIER. ",
342906,93001,12119122,02/18/2022,12:00,1,Single Motor Vehicle,Daylight,Slush,2,70,Suffix,MI,21,M,U,01,,Shoulder and Lap Belt,Not Deployed,NONE,NONE,2019,JEEP,GRY,"Passenger Car, SUV, Van",N,Private,Going Straight Ahead,Driver stated he was traveling N/B on US 23 when a deer ran onto the freeway and struck his vehicle. ,
342871,93001,12144322,03/02/2022,16:40,2,Sideswipe-Same,Daylight,Dry,3,70,FWY,MI,32,M,W,01,Improper Lane Use,Shoulder and Lap Belt,Not Deployed,NONE,NONE,1995,CHEVROLET,BLU,"Passenger Car, SUV, Van",W,Private,Changing Lanes,"UNITS 1 AND 2 WERE NORTHBOUND ON US-23 NEAR <PERSON>. UNIT 1 WAS IN THE MIDDLE LANE, AND UNIT 2 WAS IN THE RIGHT LANE. UNIT 1 WAS CHANGING LANES TO AVOID ANOTHER VEHICLE, AND UNIT 1 SIDESWIPED UNIT 2. BOTH UNITS PULLED OVER ON THE RIGHT SHOULDER. I CITED THE DRIVER OF UNIT 1 FOR IMPROPER LANE USE. NO INJURIES. ","+ <PERSON>.
- NIXON
- ROAD."
343007,93001,12151622,03/07/2022,07:57,2,Rear End,Daylight,Wet,2,70,Suffix,MI,27,M,W,01,Unable to Stop,Shoulder and Lap Belt,Not Deployed,NONE,NONE,2009,FORD,BGE,"Passenger Car, SUV, Van",W,Private,Going Straight Ahead,Unit 1 advised he was following too closely when unit 2 began to slow due to regular congestion. Unit 1 advised he was unable to stop in an assured clear distance and struck unit 2 in the rear. ,
341454,93001,12139422,02/28/2022,08:40,2,Sideswipe-Same,Daylight,Dry,3,70,FWY,MI,76,Not,found,00,Failed to Yield,Restraint Use Unknown,Unknown,NONE,NONE,2019,Model,VIN,Truck / Bus,S,Action Prior,Changing Lanes,Not found Unit 1 failed to yield when changing lanes and struck Unit 2. Unit 1 fled the scene (no plate obtained). No injuries reported ,
343060,93001,12134522,02/25/2022,16:55,4,Rear End,Daylight,Dry,2,70,Suffix,MI,40,M,W,01,Speed Too Fast,Shoulder and Lap Belt,Deployed - Front,ST JOSEPH MERCY HOSPITAL,HURON VALLEY AMB INC,2015,KIA,SIL,"Passenger Car, SUV, Van",S,Private,Going Straight Ahead,"VEHICLES 2, 3 AND 4 WERE STOPPING DUE TO A TRAFFIC BACK UP FROM REGULAR CONGESTION WHEN VEH # 1 REAR ENDED VEH #2.  VEH #2 LOST CONTROL , REAR ENDED VEH #3, VEH #3 LOST CONTROL AND REAR ENDED VEH #4. ",
1249255,93001,220013312,02/21/2022,14:03,2,Sideswipe-Same,Daylight,Dry,2,40,Suffix,MI,67,F,W,01,Improper Lane Use,Shoulder and Lap Belt,Not Deployed,NONE,NONE,2017,CHEVROLET,RED,"Passenger Car, SUV, Van",N,Private,Turning Left,BOTH VEHICLES WERE TURNING LEFT.  UNIT 1 WAS IN THE OUTSIDE LANE.  UNIT 1 CUT INTO THE INSIDE LANE AND STRUCK UNIT 2. ,
342870,93001,12135722,02/26/2022,10:57,2,Angle,Daylight,Ice,1,35,Suffix,MI,39,M,B,02,Speed Too Fast,Shoulder and Lap Belt,Not Deployed,NONE,NONE,2009,DODGE,GRN,"Passenger Car, SUV, Van",W,Private,Going Straight Ahead,"Unit 1 was traveling too fast for conditions and lost control, swerving into unit 2's lane of travel. Unit 2 struck unit 1 which entered their lane of travel. ",
342320,93001,12157422,03/10/2022,07:30,1,Single Motor Vehicle,Daylight,Dry,1,70,Suffix,WI,26,F,W,01,,Shoulder and Lap Belt,Not Deployed,NONE,NONE,2018,FORD,SIL,"Passenger Car, SUV, Van",N,Private,Going Straight Ahead,U1 WAS EXITING ON PLYMOUTH WHEN SUDDENLY A DEER ENTER THE ROADWAY. THE DEER WAS UNAVOIDABLE AND WAS STRUCK BY U1. ,
342878,93001,12149022,03/05/2022,17:44,2,Angle,Daylight,Dry,2,65,Suffix,MI,21,F,U,02,Speed Too Fast,Shoulder and Lap Belt,Deployed - Front,NONE,NONE,2017,FORD,WHI,Pickup Truck,NE,Private,Negotiating a Curve,"Unit 1 was exiting E/B M-14 onto Barton Dr., and Unit 2 was stopped at the stop sign attempting to merge onto E/B M-14 from Barton Dr.  Unit 1 was going too fast and unable to negociate the curve.  Unit 1 struck Unit 2.  Occupants of Unit 1 were uninjured; Driver 2 had minor injuries to the left side of his body and refused transport to the hospital.  Both units were towed from the scene.  Driver 1 stated she was trying to take the exit and was going too fast and could not turn, causing her to strike Unit 2.  Driver 2 stated he was stopped, and Unit 1 was going too fast for the curve and hit him.  Unit 1 was at-fault for VBSL-Too Fast, and Driver 1 was cited. ",
342313,93001,12155422,03/09/2022,12:35,2,Sideswipe-Same,Daylight,Dry,3,70,FWY,MI,53,M,W,01,Failed to Yield,Shoulder and Lap Belt,Not Deployed,NONE,NONE,2013,CADILLAC,BLK,"Passenger Car, SUV, Van",S,Private,Changing Lanes,U1 WAS MERGING INTO THE RIGHT LANE AND DID NOT HAVE ENOUGH SPACE TO MERGE.U2 STRUCK U1. ,
342549,93001,12133022,02/25/2022,06:15,1,Single Motor Vehicle,Dark-Unlighted,Snow,2,70,Suffix,MI,23,F,W,01,Speed Too Fast,Shoulder and Lap Belt,Not Deployed,NONE,NONE,2016,FORD,GRY,Pickup Truck,S,Private,Going Straight Ahead,The driver of unit 1 advised they were traveling on US23 when a semi that was next to her threw up snow under her car causing her to lose control and strike the gaurdrail ,
342970,93001,12158722,03/10/2022,18:20,1,Single Motor Vehicle,Daylight,Dry,2,70,Suffix,MI,41,F,W,01,,Shoulder and Lap Belt,Not Deployed,NONE,NONE,2021,FORD,RED,"Passenger Car, SUV, Van",E,Private,Going Straight Ahead,"Unit 1 was E/B on M-14 when a turkey ran in front of the vehicle.  The crash was unavoidable, and Unit 1 struck the turkey.  There were no injuries, and Unit 1 was driven away from the scene. ",
342817,93001,12160922,03/11/2022,10:00,2,Other,Dark-Unlighted,Snow,2,70,FWY,MI,59,F,U,01,,Shoulder and Lap Belt,Not Deployed,NONE,NONE,2014,JEEP,BLK,"Passenger Car, SUV, Van",W,Private,Avoiding Veh Front/Back,Unit #1 slowed/swerved to avoid another vehicle that had crashed and was stopped in the roadway.  Unit #1 could not avoid the crash with the second unit.  see incident # 12-1598-22 for second vehicle information. ,
342910,54001,12150322,03/06/2022,14:15,2,Sideswipe-Same,Daylight,Dry,3,70,Suffix,MI,47,M,U,02,,Shoulder and Lap Belt,Not Deployed,NONE,NONE,2020,HONDA,BLK,"Passenger Car, SUV, Van",E,Private,Going Straight Ahead,Unit 1 was traveling eastbound on M-14 in the far left lane. Unit 2 merged into unit 1's lane and sideswiped the passenger side. ,
343130,93001,12159922,03/11/2022,05:35,1,Single Motor Vehicle,Dark-Unlighted,Snow,2,70,HWY,MI,37,M,U,01,Speed Too Fast,Shoulder and Lap Belt,Not Deployed,NONE,NONE,2015,CHEVROLET,YEL,"Passenger Car, SUV, Van",N,Private,Going Straight Ahead,Driver #1 stated he was traveling N/b On US 23 near earhart when he lost control of his vehicle on the ice and crashed into the ditch. ,
343016,93001,12155022,03/09/2022,06:15,1,Single Motor Vehicle,Dark-Unlighted,Dry,3,70,HWY,MI,65,F,W,01,,Shoulder and Lap Belt,Not Deployed,NONE,NONE,2006,CHRYSLER,RED,"Passenger Car, SUV, Van",S,Private,Going Straight Ahead,CAR VS DEER ,
342968,93001,12142422,03/01/2022,16:10,2,Rear End,Daylight,Dry,2,70,HWY,MI,16,M,W,01,Unable to Stop,Shoulder and Lap Belt,Not Deployed,NONE,NONE,2020,CHEVROLET,BLK,"Passenger Car, SUV, Van",S,Private,Slowing/Stop on Roadway,"U1 DRIVER STATED HE WAS TRAVELING SOUTH IN THE LEFT <PERSON>, BEHIND U2. U1 DRIVER STATED TRAFFIC SUDDENLY STARTED TO SLOW AND HE WAS UNABLE TO STOP BEFORE REAR ENDING U2.  U2 DRIVER CONFIRMED THE STATEMENTS MADE BY U1 DRIVER. ","- LANE,
+ <PERSON>,"
342939,93001,12160622,03/11/2022,07:14,3,Sideswipe-Same,Daylight,Slush,4,70,Suffix,MI,26,F,W,01,Speed Too Fast,Shoulder and Lap Belt,Not Deployed,NONE,REFUSED,2009,CHEVROLET,TAN,"Passenger Car, SUV, Van",S,Private,Changing Lanes,Unit 1 attempted to change lanes and lost control of the vehicle. Unit 1 struck Unit 2. Driver 2 stated he attempted to avoid the collision and moved into the left lane of travel. Unit 2 struck Unit 3 and caused him to hit the concrete barrier. Driver 1 stated she had pain in her neck and ribs. Driver 1 reported she was checked earlier by Fire and refused transport. ,
342902,93001,12147322,03/04/2022,16:35,2,Rear End,Daylight,Dry,3,70,Suffix,MI,32,F,W,01,,Shoulder and Lap Belt,Not Deployed,NONE,NONE,2018,SUBARU,SIL,"Passenger Car, SUV, Van",E,Private,Avoiding Veh Front/Back,Unit 1 and unit 2 were headed EB M-14. unit 1 was rear ended by unit 2. Both units stated a vehicle cut off unit 1 and came to sudden stop. Unit 1 then rapidly applied the brakes and was rear ended by unit 2. A witness confirmed these statements. No injuries were reported. Brewers towing towed unit 2 to their tow yard. ,
343305,93001,12168822,03/13/2022,10:30,1,Single Motor Vehicle,Daylight,Ice,2,70,FWY,MI,35,F,B,03,Speed Too Fast,Shoulder and Lap Belt,Deployed - Combination,NONE,NONE,2000,LEXUS,BLK,"Passenger Car, SUV, Van",N,Private,Negotiating a Curve,Unit 1 lost control while negotiating a curve and ran off the roadway right before overturning. <PERSON> reported a headache. ,"- Vincent
+ <PERSON>"
342535,93001,12127222,02/22/2022,21:15,1,Single Motor Vehicle,Dark-Unlighted,Wet,2,70,FWY,MI,30,M,U,01,Speed Too Fast,Shoulder and Lap Belt,Deployed - Combination,NONE,NONE,2017,KIA,BLK,"Passenger Car, SUV, Van",E,Private,Negotiating a Curve,UNIT 1 WAS TRAVELING EB ON M14 WHEN HE LOST CONTROL WHILE EXITING AND STRUCK THE GUARDRAIL.  NO INJURIES REPORTED AND THE VEHICLE WAS TOWED BY BREWERS. ,
1250806,9300-1,220007864,02/27/2022,14:54,1,Single Motor Vehicle,Daylight,Dry,2,45,TRL,MI,70,M,U,01,,Shoulder and Lap Belt,Not Deployed,NONE,NONE,2018,TOYOTA,BLACK,"Passenger Car, SUV, Van",N,Private,Going Straight Ahead,UNIT 1 WAS TRAVELING NORTH BOUND ON PONTIAC TRL FROM DHU VARREN RD. UNIT 1 SAID A DEER CAME FROM THE EAST AND HIT THE PASSENGER SIDE OF THE FRONT QUARTER PANEL ON THE VEHICLE AND CONTINUED RUNNING. UNIT 1 WAS DRIVABLE AFTER THE DEER STRUCK THE VEHICLE. ,
342812,93001,12166622,03/13/2022,11:15,1,Single Motor Vehicle,Daylight,Snow,2,65,Suffix,MI,20,M,B,01,Speed Too Fast,Shoulder and Lap Belt,Not Deployed,NONE,NONE,2013,KIA,TAN,"Passenger Car, SUV, Van",W,Private,Going Straight Ahead,UNIT 1 WAS DRIVING STRAIGHT WHEN HE LOST CONTROL AND COLLIDED WITH THE CONCRETE BARRIER. ,
343306,93001,12171622,03/14/2022,08:35,1,Single Motor Vehicle,Daylight,Dry,2,70,FWY,MI,20,F,B,05,Speed Too Fast,Shoulder and Lap Belt,Deployed - Curtain,NONE,NONE,2015,CHRYSLER,SIL,"Passenger Car, SUV, Van",N,Private,Negotiating a Curve,Unit 1 lost control and ran off the roadway right before hitting the ditch. No injuries reported. ,
342459,93001,1251622,01/24/2022,09:30,1,Single Motor Vehicle,Daylight,Snow,2,70,HWY,MI,30,F,W,01,Speed Too Fast,Shoulder and Lap Belt,Not Deployed,NONE,NONE,2015,HONDA,GRY,"Passenger Car, SUV, Van",S,Private,Going Straight Ahead,U1 DRIVER STATED SHE WAS TRAVELING IN THE RIGHT LANE WHEN SHE SUDDENLY LOST CONTROL OF THE VEHICLE. U1 DRIVER STATED HER VEHICLE FISHTAILED A FEW TIMES BEFORE SLIDING INTO THE RIGHT DITCH. ,
343185,93001,12168222,03/13/2022,12:00,1,Single Motor Vehicle,Daylight,Snow,2,70,Suffix,OH,19,M,B,02,Speed Too Fast,Shoulder and Lap Belt,Not Deployed,NONE,NONE,2009,FORD,BLK,"Passenger Car, SUV, Van",E,Private,Going Straight Ahead,U1 DRIVER STATED HE WAS  TRAVELING IN THE RIGHT LANE WHEN HE SUDDENLY LOST CONTROL OF THE VEHICLE AND DROVE INTO THE RIGHT DITCH. ,
342946,93001,12166922,03/13/2022,11:30,1,Single Motor Vehicle,Daylight,Snow,2,70,FWY,PA,41,F,W,02,Speed Too Fast,Shoulder and Lap Belt,Deployed - Front,NONE,NONE,2006,DODGE,BLU,Pickup Truck,S,Private,Going Straight Ahead,"Unit 1 was traveling S/B on US 23 during heavy snowfall.  Unit 1 lost control of the vehicle, ran off the roadway to the left, struck the cement barrier, ran off the roadway to the right before coming to rest in the ditch. ",
342834,93001,12159722,03/11/2022,02:10,1,Single Motor Vehicle,Dark-Unlighted,Snow,2,70,HWY,MI,18,F,U,02,Speed Too Fast,Shoulder and Lap Belt,Deployed - Combination,UNIV OF MICHIGAN HEALTH SYSTEM,HURON VALLEY AMB INC,2018,HONDA,GRY,"Passenger Car, SUV, Van",N,Private,Negotiating a Curve,"U1 DRIVER STATED SHE WAS TRAVELING ON N/B 23 NEARING THE CURVE NEAR PONTIAC TRAIL WHEN DUE TO THE SNOW COVERED <PERSON>, LOST CONTROL OF HER VEHICLE. SHE THEN RAN OFF THE RIGHT SIDE OF THE ROAD STRIKING THE GUARDRAIL AS HER VEHICLE WENT INTO THE DITCH. WHILE TRAVELING THROUGH THE DITCH, HER VEHICLE OVERTURNED. U1 DRIVER STATED THAT SHE WAS APPROACHING THE CURVE AT APPROXIMATELY 75 MPH IN THE SNOWY CONDITIONS.  U1 DRIVER WAS EXTREMELY EMOTIONAL UPON MY ARRIVAL, BUT COMPLAINED OF ONLY A MINOR INJURY TO HER RIGHT HAND. U1 PASSENGER ADVISED SHE WAS UNINJURED. BOTH PASSENGERS WERE TRANSPORTED BY HVA TO U OF M ANN ARBOR AS A PRECAUTION. ","- ROADS,
+ <PERSON>,"
1250945,9300-1,220015088,02/28/2022,08:57,2,Rear End,Daylight,Dry,4,40,Suffix,MI,24,M,W,01,Unable to Stop,Shoulder and Lap Belt,Not Deployed,NONE,NONE,2018,RAM,BLACK,Pickup Truck,W,Private,Slowing/Stop on Roadway,IONITA STATED HE DID NOT REALIZE THE TRAFFIC HAD NOT MOVED. <PERSON> STATED HE LOOKED DOWN FOR A SECOND AND WHEN HE LOOKED UP IT WAS TOO LATE TO AVOID THE COLLISION.\N\NBECKER STATED SHE WAS STOPPED AT THE LIGHT WHEN SHE WAS REAR ENDED. <PERSON> THE LIGHT HAD TURNED GREEN AT SOME POINT BUT IT WAS NOT HER TURN TO DRIVE YET AS THERE WERE STILL PEOPLE IN FRONT OF HER WHO WERE ONLY MOVING SLOWLY. ,"- IONITA
+ <PERSON>
+ <PERSON>
- BECKER
- BELIEVES"
342835,93001,12187722,03/20/2022,02:45,1,Single Motor Vehicle,Dark-Unlighted,Wet,2,65,HWY,MI,18,F,U,01,Careless Driving,Shoulder and Lap Belt,Not Deployed,UNIV OF MICHIGAN HEALTH SYSTEM,HURON VALLEY AMB INC,2018,FORD,BLK,"Passenger Car, SUV, Van",E,Private,Negotiating a Curve,Vehicle 1 was traveling eastbound in the right lane. The driver stated they were taking the exit but was traveling too fast and drove through the guard rail into a large ditch before finally colliding with a tree. ,
1251531,9300-1,220015768,03/02/2022,15:07,2,Rear End,Daylight,Dry,5,45,ROAD,MI,16,M,W,01,Unable to Stop,Shoulder and Lap Belt,Not Deployed,NONE,NONE,2009,CHEVROLET,BLUE,"Passenger Car, SUV, Van",E,Private,Going Straight Ahead,UNIT 2 WAS TRAVELING EB ON PLYMOUTH RD.\NUNIT 1 WAS ALSO TRAVELING EB ON PLYMOUTH RD BEHIND UNIT 2 \NUNIT 2 STATED A VEHICLE SLAMMED ON THIER BRAKES APPROACHING THE YELLOW LIGHT CAUSING HIM TO BRAKE HARD\NUNIT 1 WAS UNABLE TO STOP IN AN ASSURED CLEAR DISTANCE REAR ENDING UNIT 2. ,
342656,93001,12181422,03/17/2022,16:00,2,Rear End,Daylight,Dry,2,70,FWY,MI,71,M,W,02,Unable to Stop,Shoulder and Lap Belt,Not Deployed,NONE,NONE,2017,BUICK,BLK,"Passenger Car, SUV, Van",N,Private,Slowing/Stop on Roadway,"UNITS 1 AND 2 WERE IN THE LEFT LANE OF US-23 NEAR HURON RIVER DRIVE. UNIT 2 BRAKED FOR RUSH HOUR TRAFFIC, AND UNIT 1 REAR-ENDED UNIT 2. I CITED THE DRIVER OF UNIT 1 FOR FAIL TO STOP WITHIN ASSURED CLEAR DISTANCE. NO INJURIES. ",
343393,93001,12183922,03/18/2022,14:00,2,Sideswipe-Same,Daylight,Dry,3,70,FWY,MI,85,F,W,01,Failed to Yield,Shoulder and Lap Belt,Not Deployed,NONE,NONE,2018,NISSAN,WHI,"Passenger Car, SUV, Van",N,Private,Changing Lanes,U1 WAS CHANGING LANES AND STUCK U2. U1 LOSS CONTROL AND SPUN ACROSS MULTIPLE LANE AND STOPPED ON THE LEFT SHOULDER.  MULTIPLE WITNESSES STATED U1 TURNED INTO THE SEMI TRACTOR CAUSING THE CRASH. ,
343082,93001,12181922,03/17/2022,17:15,2,Rear End,Daylight,Dry,2,70,Suffix,MI,23,M,W,01,Unable to Stop,Shoulder and Lap Belt,Not Deployed,NONE,NONE,2021,FREIGHTLINER,WHI,Truck / Bus,S,Commercial (Business),Going Straight Ahead,"BOTH VEHICLES WERE IN HEAVY STOP & GO TRAFFIC.  VEH #2 STARTED, MOVED FORWARD THEN STOPPED AGAIN.  VEH #1 ALSO MOVED FORWARD AND DID NOT STOP REAR ENDING VEH #2. ",
1251661,9300-1,220008273,03/03/2022,08:46,3,Rear End,Daylight,Dry,2,45,RD,MI,35,F,W,01,Unable to Stop,Shoulder and Lap Belt,Not Deployed,NONE,NONE,2016,FORD,BLACK,"Passenger Car, SUV, Van",W,Private,Going Straight Ahead,"REPORT:\NVEHICLE 3 WAS STOPPED WAITING TO TURN LEFT TO THE M-14 W/B ENTRANCE RAMP #030C.  VEH. 2 WAS STOPPED WAITING BEHIND VEHICLE 3.  VEHICLE 1 APPROACHED AND FAILED TO STOP, REAR-ENDING VEHICLE 2 AND PUSHING VEHICLE 2 INTO VEHICLE 3.\NNO REPORTED INJURIES. ",