Crash ID,File Class,Incident #,Crash Date,Crash Time,No. of Units,Crash Type,Light,Road Surface Condition,Total Lanes,Speed Limit,Road Type,Driver Licence State,Age,Sex,Race,Total Occupants,Hazardous Action,Restraint,Airbag Deployed,Hospital,Ambulance,Year,Make,Color,Vehicle Type,Vehicle Direction,Vehicle Use,Action Prior,Narrative,changes
1322639,93001,220094511,11/22/2022,12:33,2,Angle,Daylight,Dry,4,45,RD,MI,41,F,W,01,Failed to Yield,Shoulder and Lap Belt,Not Deployed,REFUSED,REFUSED,2013,SUBARU,BLACK,"Passenger Car, SUV, Van",N,Private,Turning Left,VEHICLE#1 WAS TRAVELING OUT OF THE WCC DRIVEWAY AND MAKING A LEFT TURN ONTO HRD BUT FAILED TO YIELD TO TRAFFIC AND COLLIDED WITH VEHICLE#2.\N\NVEHICLE#2 WAS TRAVELING EB ON HRD AND COLLIDED WITH VEHICLE#1 WHO TURNED OUT IN FRONT OF HIM FROM WCC\N\NVEHICLE#1 WAS AT FAULT IN THE ACCIDENT. \N\NBOTH VEHICLES ARE DRIVABLE ,
1321668,9300-1,220094059,11/20/2022,21:07,1,Single Motor Vehicle,Dark-Unlighted,Dry,2,45,Suffix,MI,22,F,W,01,Speed Too Fast,Shoulder and Lap Belt,Deployed - Front,NONE,NONE,2011,CHEVROLET,GRAY,"Passenger Car, SUV, Van",W,Private,Going Straight Ahead,UNIT 1 WAS WB ON E HURON RIVER DR. UNIT ONE WAS UNABLE TO NAVIAGTE CURVE RUNNING OFF OF THE ROADWAY AND HITTING TREE. ,
1322958,93001,220093784,11/19/2022,16:45,1,Single Motor Vehicle,Dark-Unlighted,Dry,2,55,Suffix,MI,31,M,W,01,,Shoulder and Lap Belt,Not Deployed,NONE,NONE,2011,CHEVROLET,WHITE,Pickup Truck,NE,Private,Going Straight Ahead,"DRIVER OF UNIT 1 WAS TRAVELLING NORTHEAST ON PONTIAC TRAIL APPROXIAMTELY 500 FT WEST OF <PERSON> WHEN A DEER CROSSED THE VEHICLE'S PATH AND WAS STRUCK. THE TRUCK HAD DISABLING DAMAGE AND NO POWER. THE DRIVER ADVISED THAT THE CRASH OCCURED AN HOUR PRIOR TO CALLING DISPATCH AND HE HAD WAITED AS HIS INSURANCE WAS TRYING TO LINE UP A TOW TRUCK FOR SERVICE. HOWEVER, WITH NO POWER AND BEING SOMEWHAT ON THE ROADWAY CALLED FOR POLICE ASSISTANCE. NO INJURIES AND NO AIRBAG DEPLOYMENT. ","- NIXON
+ <PERSON>"
346925,93001,12945722,12/02/2022,14:55,1,Single Motor Vehicle,Daylight,Dry,3,70,FWY,MI,17,F,W,01,,Shoulder and Lap Belt,Not Deployed,NONE,NONE,2013,AUDI,GRY,"Passenger Car, SUV, Van",E,Private,Going Straight Ahead,Unit 1 driver experienced a medical emergency and passed out. Unit 1 lost control and ran off the roadway left striking the median guardrail. No injuries reported as a result of crash. ,
347026,93001,12964222,12/08/2022,14:00,1,Single Motor Vehicle,Daylight,Dry,1,70,FWY,MI,54,M,B,01,,Shoulder and Lap Belt,Not Deployed,NONE,HURON VALLEY AMB INC,2012,MACK,WHI,Truck / Bus,N,Commercial (Business),Going Straight Ahead,Semi vs Turkey. <PERSON> in face and hands reported. ,"- Glass
+ <PERSON>"
1324504,93001,220096871,12/01/2022,07:49,1,Single Motor Vehicle,Dawn,Dry,2,55,Suffix,MI,39,F,A,01,,Shoulder and Lap Belt,Not Deployed,NONE,NONE,2011,TOYOTA,WHITE,"Passenger Car, SUV, Van",E,Private,Going Straight Ahead,UNIT #1 WAS TRAVELLING E/B PONTIAC TRL. A DEER ENTERED THE ROADWAY INTO UNIT #1S LANE OF TRAVEL. THE DRIVER OF UNIT #1 WAS UNABLE TO AVOID STRIKING THE DEER. NO INJURIES REPORTED ON SCENE. DRIVER REQUESTED TOW TRUCK DUE TO VEHICLE NOT STARTING. ,
347193,93001,12981322,12/14/2022,13:05,2,Sideswipe-Same,Daylight,Dry,2,70,FWY,MI,16,M,H,01,Careless Driving,Shoulder and Lap Belt,Deployed - Curtain,NONE,NONE,2009,INFINITI,SIL,"Passenger Car, SUV, Van",S,Private,Changing Lanes,"Unit 1 failed to yield to Unit 2 when changing lanes. Unit 1 struck Unit 2 which left the roadway left, hit the ditch and overturned. Unit 1 driver reported ",
346965,93001,12973522,12/12/2022,05:38,2,Sideswipe-Same,Dark-Unlighted,Dry,3,70,Suffix,MI,39,Not,found,00,Unknown,Restraint Use Unknown,Unknown,NONE,NONE,2018,DODGE,VIN,"Passenger Car, SUV, Van",S,Private,Changing Lanes,"Not found Driver of Unit 2 stated Unit 1 changed lanes and struck unit 2.  Unit 1 then went off the roadway.  Driver of Unit 2 checked on the driver of Unit 1.   He could not understand what the driver of Unit 1 was saying but he did not appear injured.  Driver of Unit 1 then fled the scene on foot into a wooded area.  Unit 1 driver was described as an 18-19 year old black male about 5'7"" or 5'8"". ",
347119,93001,12992622,12/17/2022,17:00,1,Single Motor Vehicle,Dusk,Dry,2,70,FWY,MI,26,M,U,01,,Shoulder and Lap Belt,Not Deployed,NONE,NONE,2004,LEXUS,SIL,"Passenger Car, SUV, Van",E,Private,Avoiding Vehicle Angle,"U1 DRIVER STATED HE WAS TRAVELING EB IN THE LEFT <PERSON> WHEN HE HAD TO SWERVE TO THE LEFT TO AVOID A SEDAN THAT WAS DRIVING ERRATICALLY AND BEGAN MERGING INTO HIS LANE WITHOUT ROOM. U1 THEN LOST CONTROL OF HIS VEHICLE, RAN OFF THE ROADWAY, AND STRUCK A TREE.   THE WITNESS ADVISED THEY WERE TRAVELING EB ON M-14 ROUGHLY FOUR CARS BEHIND U1. THE WITNESS ADVISED THAT A WHITE SEDAN WAS DRIVING ERRATICALLY PRIOR TO THIS CRASH, AND THAT THE SEDAN WAS NEAR U1 AT THE TIME OF THE CRASH. THE WITNESS ADVISED THEY OBSERVED U1 SWERVE AS IF THEY WERE TRYING TO AVOID ANOTHER VEHICLE, AND THAT U1 THEN LOST CONTROL AND WENT INTO THE DITCH. ","- LANE
+ <PERSON>"
346223,93001,12955922,12/06/2022,08:10,2,Rear End,Daylight,Dry,2,70,HWY,MI,49,F,W,01,Unable to Stop,Shoulder and Lap Belt,Not Deployed,NONE,NONE,2020,CHEVROLET,RED,"Passenger Car, SUV, Van",E,Private,Going Straight Ahead,Traffic was congested.  Driver #2 was slowing down for traffic and Driver#1 couldn't stop in time and struck Driver #2 ,
1324777,93001,220097028,12/01/2022,17:39,2,Angle,Dark-Unlighted,Dry,2,55,Suffix,MI,27,M,W,01,Failed to Yield,Shoulder and Lap Belt,Not Deployed,ST JOSEPH MERCY HOSPITAL,HURON VALLEY AMB INC,2005,MERCURY,GOLD,"Passenger Car, SUV, Van",E,Private,Going Straight Ahead,"UNIT 1, TRAVELLING EAST BOUND ON GOSS RD, FAILED TO YIELD TO UNIT 2 WHO WAS TRAVELLING SOUTH ON EARHART RD. UNIT 1 DRIVER COULD NOT PROVIDE A STATEMENT DUE TO POSSIBLE CONCUSION. UNIT 2 DRIVER ADVISED THAT SUBJECT EITHER DID NOT STOP OR THOUGHT THEY HAD TIME TO CROSS PRIOR TO THE COLLISION AT THE TWO WAY STOP INTERSECTION. DRIVE3R OF UNIT 1 WAS INITIALLY TRAPPED BUT ANN ARBOR FIRE WAS ABLE TO GET THE DRIVER OUT BY FORCING THE FRONT PASSENGER DOOR. HVA TRANSPORTED BOTH DRIVERS TO ST. <PERSON> MERCY HOSPITAL WITH INJURIES. THE DRIVER OF UNIT 1 HAD A POSSIBLE CONCUSION AND THE DRIVER OF UNIT 2 COMPLAINED OF ANKLE PAIN. BOTH VEHICLES WERE TOWED TO BREWERS, BOTH PARTIES HAD SEATBELTS ON, AND AIRBAGS ONLY DEPLOYED IN UNIT 2. ","- JOSEPH
+ <PERSON>"
346296,93001,12839022,11/01/2022,20:00,2,Sideswipe-Same,Dark-Unlighted,Wet,3,70,FWY,ON,57,Not,found,00,Failed to Yield,Restraint Use Unknown,Unknown,NONE,NONE,2015,Model,WHI,Special Vehicles,E,Action Prior,Changing Lanes,Not found U2 ADVISED HE WAS TRAVELING IN THE LEFT LANE E/B I-94 WHEN AN UNKNOWN (U1) SEMI CUT HIM OFF MAKING CONTACT WITH HIS FRONT PASSENEGER SIDE. U2 WAS NOT ABLE TO OBTAIN A PLATE OR ANY OTHER IDENTIFYING VEHICLE INFORMATION. ,
729504,93001,221102422,12/15/2022,21:30,1,Single Motor Vehicle,Unknown,Unknown,2,55,TRL,MI,64,M,W,02,,Restraint Use Unknown,Not Deployed,NONE,NONE,2021,JEEP,BLK,"Passenger Car, SUV, Van",E,Other Government,Going Straight Ahead,Unit 1 was traveling eastbound on Pontiac Trail Rd when it was struck by a deer causing damage to multiple areas of the driver side of the vehicle. ,
1325765,9300-1,220098138,12/05/2022,22:50,1,Single Motor Vehicle,Dark-Unlighted,Dry,3,45,Suffix,MI,45,M,W,01,,Shoulder and Lap Belt,Not Deployed,NONE,NONE,2015,FORD,WHITE,"Passenger Car, SUV, Van",S,Private,Going Straight Ahead,UNIT 1 TRAVELING SOUTH BOUND ON EARHART ROAD.  A DEER ENTERED THE ROADWAY AND STRUCK UNIT 1 ON THE FRONT LEFT. ,
347117,93001,121002922,12/21/2022,08:31,2,Rear End,Daylight,Dry,2,65,Suffix,OH,32,M,W,01,Unable to Stop,Shoulder and Lap Belt,Deployed - Front,NONE,NONE,2012,CHRYSLER,GRY,"Passenger Car, SUV, Van",E,Private,Negotiating a Curve,Unit 1 rear ended Unit 2 while EB on M14. Driver 1 and 2 advised traffic came to abrupt stop. Driver 2 stated he slowed down and saw Unit 1 approaching quickly. Driver 1 stated he was traveling approximately 70 mph when he saw the traffic at a stand still. Driver 1 stated he tried to slow down but was unable to stop in time. ,
347064,93001,12977522,12/13/2022,07:22,2,Sideswipe-Same,Dawn,Dry,2,70,FWY,OK,57,M,W,01,Failed to Yield,Shoulder and Lap Belt,Not Deployed,NONE,NONE,2022,INTERNATIONAL,WHI,Truck / Bus,N,Commercial (Business),Changing Lanes,U1 WAS N/B US-23 IN THE RIGHT LANE AND U2 WAS N/B US-23 IN THE LEFT LANE. U1 ADVISED HE DID NOT SEE U2 IN THE RIGHT LANE WHILE MERGING OVER AND SIDESWIPED U2. NO INJURIES REPORTED. ,
347115,93001,121002822,12/21/2022,08:15,1,Single Motor Vehicle,Daylight,Dry,2,70,Suffix,MI,21,M,W,01,Other,Shoulder and Lap Belt,Not Deployed,NONE,HURON VALLEY AMB INC,2013,TOYOTA,WHI,"Passenger Car, SUV, Van",S,Private,Negotiating a Curve,Unit 1 lost control while braking and ran off the roadway right. Unit 1 then struck the guardrail. Unit 1 driver reported chest pain. ,
346676,93001,12986022,12/15/2022,17:50,2,Sideswipe-Same,Dark-Unlighted,Dry,2,60,FRWY,MI,18,F,W,01,Failed to Yield,Shoulder and Lap Belt,Not Deployed,NONE,NONE,2006,TOYOTA,GRY,"Passenger Car, SUV, Van",E,Private,Entering Roadway,U1 DRIVER WAS STOPPED AND STARTING TO PULL ONTO EB M-14. U1 DRIVER DID NOT YIELD AND <PERSON>. ,"+ <PERSON>.
- STRUCK
- U2."
347050,93001,121013722,12/23/2022,19:35,1,Single Motor Vehicle,Dark-Unlighted,Ice,2,70,Suffix,MI,56,M,W,01,Speed Too Fast,Shoulder and Lap Belt,Not Deployed,NONE,NONE,2010,JEEP,GRN,"Passenger Car, SUV, Van",S,Private,Going Straight Ahead,"UNIT 1 WAS TRAVELINGS/B US23 WHEN IT LOST CONTROL, RAN OFF THE LEFT SIDE OF THE ROADWAY, AND COLLIDED WITH THE N/B US23 GUARDRAIL. NO INJURIES WERE REPORTED AND UNIT 1 WAS TOWING FROM THE SCENE BY BREWERS TOWING TO THEIR TOW YARD.    DRIVER 1 ADVISED A GUST OF WIND CAUSED HIS VEHICLE LOSE CONTROL AND SLID OFF THE ROADWAY. ",
347150,93001,12998122,12/19/2022,16:00,2,Sideswipe-Same,Daylight,Dry,2,65,FRWY,MI,66,M,W,01,,Shoulder and Lap Belt,Not Deployed,NONE,NONE,2002,GMC,SIL,"Passenger Car, SUV, Van",E,Private,Going Straight Ahead,"U1 DRIVER ADVISED HE WAS EB PASSING BARTON DRIVE. HE ADVISED U2 ENTERED FROM BARTON AND DID NOT YIELD TO TRAFFIC AND PULLED ONTO THE FREEWAY AND STRUCK U1. U2 THEN LEFT THE SCENE. NO SUSPECT INFO WAS OBTAINED BY U1. HE ADVISED IT WAS A WHITE SUV. UNKNOWN MAKE , MODEL, YEAR. ",
346628,93001,12990422,12/16/2022,20:58,2,Sideswipe-Same,Dark-Unlighted,Ice,3,70,HWY,IL,34,M,U,01,Speed Too Fast,Shoulder and Lap Belt,Deployed - Combination,NONE,NONE,2020,HONDA,GRY,"Passenger Car, SUV, Van",W,Private,Going Straight Ahead,"Vehicle 1 was traveling on N/B US-23 near Pontiac Trail when vehicle 1 lost control in the left passing lane. Vehicle 1 left the roadway and struck the guardrail on the south side of N US-23. After striking the guardrail, vehicle 1 reentered the roadway and struck the trailer of a semi in the center lane. Vehicle 1 finally came to rest on the south ditch of N US-23.   The trailer of vehicle 2 sustained no damage . ",
1326392,93001,220098779,12/08/2022,07:33,1,Single Motor Vehicle,Dawn,Dry,2,55,Suffix,MI,22,M,W,01,,Shoulder and Lap Belt,Not Deployed,NONE,NONE,2010,DODGE,WHITE,"Passenger Car, SUV, Van",S,Private,Going Straight Ahead,UNIT #1 WAS TRAVELLING S/B WHITMORE LAKE RD SOUTH OF JOY RD IN ANN ARBOR TWP. A DEER ENTERED THE ROADWAY INTO UNIT #1'S <PERSON> FROM THE WEST. THE DRIVER OF UNIT #1 WAS UNABLE TO AVOID STRIKING THE DEER. NO INJURIES REPORTED ON SCENE. OWNER CONTACTED AAA FOR OWN TOW. ,"- LANE
+ <PERSON>"
347037,93001,121018822,12/24/2022,19:20,1,Single Motor Vehicle,Dark-Unlighted,Snow,2,65,Suffix,MI,20,M,B,01,Speed Too Fast,Shoulder and Lap Belt,Not Deployed,NONE,NONE,2011,CHEVROLET,GRY,"Passenger Car, SUV, Van",W,Private,Negotiating a Curve,"The driver was negotiating the curve when he lost control on the slippery roadway, ran off the road to the left and struck a ditch causing damage.  No injuries were reported.  The driver was cited for VBSL(too fast) ",
1326974,93001,220099377,12/10/2022,13:02,1,Single Motor Vehicle,Daylight,Dry,4,50,Suffix,MI,28,M,H,01,,Shoulder and Lap Belt,Not Deployed,REFUSED,REFUSED,2013,HONDA,GRAY,"Passenger Car, SUV, Van",W,Private,Going Straight Ahead,UNIT WAS TRAVELING PLYMOUTH RD TOWARDS WHITEHALL RD WHEN A DEER RAN OUT IN FRONT AND CAUSED HIM TO STRIKE THE DEER. ,
1327657,9300-1,220049040,12/13/2022,17:40,1,Single Motor Vehicle,Dark-Unlighted,Dry,2,35,TRL,MI,25,F,U,01,,Shoulder and Lap Belt,Not Deployed,NONE,NONE,2016,TOYOTA,RED,"Passenger Car, SUV, Van",N,Private,Going Straight Ahead,UNIT 1 WAS TRAVELING N/B ON PONTIAC TRL APPROACHING M14.  A DEER RAN W/B ACROSS THE ROADWAY IN FRONT OF UNIT 1.  THE DRIVER WAS UNABLE TO AVOID THE ANIMAL AND STRUCK IT WITH THE RIGHT FRONT CORNER OF HER CAR. ,
1327192,9300-1,220099679,12/11/2022,17:05,1,Single Motor Vehicle,Dark-Unlighted,Dry,2,45,Suffix,MI,62,M,W,05,,Shoulder and Lap Belt,Not Deployed,NONE,NONE,2003,CHEVROLET,GREEN,"Passenger Car, SUV, Van",N,Private,Going Straight Ahead,UNIT 1 WAS TRAVELING NORTH EAST BOUND ON PONTIAC TRAIL.  A DEER ENTERED THE ROADWAY AND UNIT 1 STRUCK IT HEAD ON. ,
347162,93001,121013122,12/23/2022,17:40,1,Single Motor Vehicle,Dark-Unlighted,Ice,2,70,FRWY,MI,35,M,B,01,Speed Too Fast,Shoulder and Lap Belt,Not Deployed,NONE,NONE,2020,LAND ROVER,BLK,"Passenger Car, SUV, Van",S,Private,Going Straight Ahead,U1 DRIVER WAS SB WHEN HE HITCH A PATH OF ICE AND SLID OFF THE ROAD STRIKING THE DITCH ,
1327168,93001,220099430,12/10/2022,17:06,1,Single Motor Vehicle,Dark-Lighted,Dry,2,45,Suffix,MI,73,M,W,01,,Shoulder and Lap Belt,Not Deployed,NONE,NONE,Not found,Model,BLACK,"Passenger Car, SUV, Van",N,Private,Going Straight Ahead,"UNIT 1 WAS DRIVING NB ON DIXBORO WHEN A DEER RAN OUT IN FRONT OF UNIT 1 CAUSING A CRASH. DEER WAS DISPATCHED ON SCENE. NO HVA, NO TOW, NO CITATION. ",
1327218,93001,220006385,12/11/2022,17:49,1,Single Motor Vehicle,Dark-Unlighted,Dry,2,55,RD,MI,19,F,W,01,,Shoulder and Lap Belt,Deployed - Curtain,NONE,NONE,2012,CHEVROLET,WHITE,"Passenger Car, SUV, Van",W,Private,Slowing/Stop on Roadway,"UNIT 1 DRIVE BEGAN BRAKING AS ONE DEER CROSSED ROADWAY, SECOND DEER ENTERED ROADWAY AND WAS STRUCK BY UNIT 1.  UNIT 1 SIDE CURTAIN AIRBAGS DEPLOYED AND VEHICLE WOULD NOT START ",
346919,93001,121028022,12/28/2022,10:50,1,Single Motor Vehicle,Daylight,Dry,4,70,HWY,MI,73,M,W,01,Careless Driving,Shoulder and Lap Belt,Not Deployed,NONE,NONE,2010,FORD,BLU,"Passenger Car, SUV, Van",S,Private,Changing Lanes,Unit 1 was S/B US-23 entering the right two lanes of the fork for W M-14. Unit 1 realized they needed to continue S US-23 and cut across the <PERSON> to enter the Left 2 lanes of the fork. Unit 1 was traveling to fast and was unable to make the lane before striking 2 signs and leaving the roadway. ,"- gore
+ <PERSON>"
347167,93001,121014722,12/23/2022,23:45,1,Single Motor Vehicle,Dark-Lighted,Ice,2,70,FRWY,MI,22,F,W,01,Speed Too Fast,Shoulder and Lap Belt,Not Deployed,NONE,NONE,2010,MAZDA,BLU,"Passenger Car, SUV, Van",S,Private,Going Straight Ahead,U1 DRIVER WAS SB WHEN SHE HIT A PATCH OF ICE. U1 DRIVER STUCK THE END OF A GUARD RAIL. DRIVER CALLED HER OWN TOW. ,
1328704,93001,220101088,12/16/2022,20:51,2,Rear End,Dark-Lighted,Ice,5,50,RD,MI,51,M,W,01,Unable to Stop,Shoulder and Lap Belt,Not Deployed,REFUSED,REFUSED,2017,JEEP,BLACK,"Passenger Car, SUV, Van",W,Private,Going Straight Ahead,UNIT 2 WAS TRAVELING WB ON PLYMOUTH ROAD APPROACHING THE TRAFFIC LIGHT AT EARHART ROAD. UNIT 2 WAS SLOWING DOWN FOR RED LIGHT\N\NUNIT 1 WAS WB ON PLYMOUTH ROAD APPROACHING THE TRAFFIC LIGHT AT EARHART ROAD. UNIT 1 FAILED TO SLOW DOWN AND STOP <PERSON> UNIT <PERSON> INTO UNIT 2 ON PLYMOUTH ROAD\N\NUNIT 1 AT FAULT ,"- BEHINED
+ <PERSON>
+ <PERSON>
- 2\N\NUNIT
- 1
- CRASHED"
347297,93001,121026222,12/27/2022,13:30,2,Sideswipe-Same,Daylight,Dry,3,70,Suffix,MI,71,F,W,01,,Shoulder and Lap Belt,Not Deployed,NONE,NONE,2018,FORD,RED,"Passenger Car, SUV, Van",W,Private,Going Straight Ahead,Both vehicles were WB on M14 when the driver of vehicle #2 side swipted vehicle #1 causing damage to both vehicles.  The driver of vehilce #2 failed to stop at the scene.  The driver of vehicle #2 was involved in a crash in Sylvan Twp.   HVA checked the driver of vehicle #2 blood sugar.  The drivers blood sugar level was 22. ,
1328784,9300-1,220049493,12/16/2022,21:47,1,Single Motor Vehicle,Dark-Lighted,Ice,2,35,TRL,CA,22,M,A,01,Speed Too Fast,Shoulder and Lap Belt,Deployed - Side,NONE,NONE,2014,MASERATTI,BLACK,"Passenger Car, SUV, Van",NW,Private,Turning Left,UNIT 1 WAS TRAVELING NORTH ON PONTIAC TRAIL PREPARING TO TURN LEFT ONTO ST. REGIS. UNIT 1 LOST CONTROL IN THE TURN DUE TO THE ICY ROAD CONDITIONS AND THE BACK WHEEL STRUCK THE CURB CAUSING THE PASSENGER SIDE AIRBAGS TO DEPLOY. NO INJURIES. VEHICLE WAS TOWED TO BREWER'S DUE TO DEPLOYED AIRBAGS. ,
347020,93001,121006622,12/22/2022,12:20,1,Single Motor Vehicle,Daylight,Dry,3,70,Suffix,MI,35,M,W,01,,Shoulder and Lap Belt,Not Deployed,NONE,NONE,2018,FORD,BLK,"Passenger Car, SUV, Van",E,Private,Avoiding Veh Front/Back,"VEHICLE 1 WAS TRAVELING EB ON M-14 IN THE LEFT <PERSON> WHEN A SEMI TRUCK BEGAN MERGING INTO THE LEFT <PERSON>.  THE DRIVER STATED HE VEERED LEFT TO AVOID THE SEMI AND LOST CONTROL AFTER ENTERING THE GRAVEL PORTION OF THE MEDIAN.  AFTER LOSING CONTROL, THE VEHICLE COLLIDED WITH THE GUARDRAIL ON THE NORTH SIDE OF THE ROADWAY.  THE COLLISION CAUSED FUNCTIONAL DAMAGE TO THE ENTIRE LEFT SIDE OF THE VEHICLE.  THE DRIVER COMPLAINED OF SHOULDER PAIN AND WAS EVALUATED ON SCENE BY HURON VALLEY AMBULANCE PERSONNEL.  THE DRIVER DECLINED MEDICAL TRANSPORT AND WAS RELEASED AT THE SCENE. ","- LANE
+ <PERSON>
- LANE.
+ <PERSON>."
347243,93001,121033322,12/30/2022,11:20,1,Single Motor Vehicle,Daylight,Wet,2,70,FWY,MI,62,F,W,01,Speed Too Fast,Shoulder and Lap Belt,Not Deployed,NONE,NONE,2011,LINCOLN,WHI,"Passenger Car, SUV, Van",S,Private,Changing Lanes,U1 WAS TRAVELING SOUTH ON US 23 FWY NEAR GEDDES. U1 CHANGED LANES LOST CONTROL AND ENTERED THE DITCH CAUSING FRONT END DAMAGE AND A FLAT TIRE WITH LEFT REAR SIDE DAMAGE. ,
347254,93001,12103302,12/30/2022,09:00,1,Single Motor Vehicle,Daylight,Wet,1,70,FWY,MI,23,X,W,01,,Shoulder and Lap Belt,Not Deployed,NONE,NONE,2019,MITSUBISHI,SIL,"Passenger Car, SUV, Van",S,Private,Going Straight Ahead,Car vs deer. No injuries reported. ,
1328894,9300-1,220101200,12/14/2022,08:00,2,Sideswipe-Opposite,Daylight,Dry,4,45,Suffix,MI,44,Not,found,01,Unknown,Restraint Use Unknown,Unknown,NONE,NONE,Not found,Model,VIN,"Passenger Car, SUV, Van",Not found,Action Prior,Going Straight Ahead,"Not found THE DRIVER WAS HEADING EAST ON PLYMOUTH RD AND A VEHICLE SIDE SWIPED THE DRIVERS VEHICLE, DAMAGING THE LEFT MIRROR. THE OTHER VEHICLE TOOK OFF AND THE DRIVER DID NOT GET THE VEHICLES INFORMATION. THE DRIVER DID NOT NEED MEDICAL ATTENTION AND DID NOT HAVE MAJOR DAMAGE TO HIS VEHICLE. ",
1330264,93001,220100467,12/14/2022,15:46,2,Rear End,Daylight,Dry,2,55,Suffix,MI,40,M,W,01,Unable to Stop,Shoulder and Lap Belt,Not Deployed,NONE,NONE,2001,CHEVROLET,GRAY,Pickup Truck,S,Private,Going Straight Ahead,UNIT 2 WAS SLOWWING TO TURN RIGHT INTO THE NEIGHBORHOOD. UNIT 1 WAS PROCEEDING SOUTH ON WHITMORE LAKE RD AND DUE TO TRAVELLING WITH A TRAILER WAS UNABLE TO STOP IN TIME FOR THE FEDEX TRUCK THAT WAS SLOWLY TURNING INTO THE NEIGHBORHOOD. UNIT 1 STRUCK THE PASSENGERS SIDE FENDER \N OF UNIT 2 AND UNIT 1 VEHICLE WAS UNDRIVEABLE DUE TO FLUID LEAKS. ,
347348,93001,121016022,12/24/2022,10:35,2,Other,Daylight,Ice,3,70,HWY,MI,19,M,B,02,Speed Too Fast,Restraint Use Unknown,Unknown,UNIV OF MICHIGAN HEALTH SYSTEM,HURON VALLEY AMB INC,2013,CHEVROLET,WHI,"Passenger Car, SUV, Van",N,Private,Negotiating a Curve,"UPON ARRIVAL TO THE CRASH, U1 DRIVER AND PASSENGER HAD ALREADY BEEN TRANSPORTED TO U OF M HOSPITAL.  U2 DRIVER STATED THAT HE WAS TRAVELING W/B ON M 14 WHEN SUDDENLY HE OBSERVED U1 SPINNING OUT OF CONTROL THROUGH THE MEDIAN AREA TO THE LEFT OF HIM. U2 WAS UNABLE TO AVOID COLLISION AND STRUCK U1.   I SPOKE WITH U1 DRIVER AT U OF M HOSPITAL. U1 DRIVER ADVISED HE WAS TRAVELING N/B ON US 23 NEAR THE M 14 MERGER WHEN AS HE WAS NEGOTIATING THE CURVE, MUST HAVE BEEN GOING TOO FAST AND LOST CONTROL OF HIS VEHICLE. U1 DRIVER STATED THAT HE BEGAN TO SPIN OUT AND CROSSED THE MEDIAN AREA DIRECTLY INTO THE PATH OF U2 DRIVER. HE WAS THEN STRUCK BY U2. ",
1330213,9300-1,220102390,12/21/2022,17:08,2,Rear End,Dark-Lighted,Dry,5,45,Suffix,MI,40,F,W,01,Unable to Stop,Shoulder and Lap Belt,Not Deployed,NONE,NONE,2022,FORD,WHITE,"Passenger Car, SUV, Van",N,Private,Going Straight Ahead,UNIT 1 AND 2 WERE BOTH STOPPED AT THE LIGHT ON DIXBORO ROAD.  THE LIGHT THEN TURNED GREEN.  UNIT 1 WAS BEHIND UNIT 2 AND BELIEVED HE WAS STARTING TO MOVE.  UNIT 1 THEN TRAVELED FORWARD AND NOTICED THAT UNIT 2 WAS STILL STOPPED DUE TO TRAFFIC.  UNIT 1 THEN REAR-ENDED UNIT 2. ,
1331258,9300-1,220050413,12/24/2022,14:48,1,Single Motor Vehicle,Daylight,Wet,2,40,RD,MI,32,M,U,01,,Shoulder and Lap Belt,Deployed - Curtain,NONE,NONE,2018,NISSAN,GRAY,"Passenger Car, SUV, Van",W,Private,Avoiding Veh Front/Back,"VEHICLE #1 WAS DRIVING W/B ON GEDDES WHEN AN UNKNOWN VEHICLE SWERVED INTO HIS <PERSON> AND NEARLY HIT HIM HEAD ON. #1 <PERSON> INTO THE E/B TRAFFIC LANE, LEFT THE ROADWAY, AND STRUCK A TREE. #1 WAS ABLE TO GET HIMSELF OUT OF THE DITCH TO AWAIT POLICE ARRIVAL- THE OTHER CAR DID NOT MAKE CONTACT BUT DID NOT STOP, EITHER. #1 HAS NO DESCRIPTION OF THE CAR. ","- LANE
+ <PERSON>
- SWERVED
+ <PERSON>"
1330850,93001,220102811,12/23/2022,12:41,1,Single Motor Vehicle,Daylight,Snow,2,15,Suffix,MI,16,M,W,01,Speed Too Fast,Shoulder and Lap Belt,Not Deployed,NONE,NONE,2023,LAND ROVER,BLACK,"Passenger Car, SUV, Van",N,Private,Going Straight Ahead,UNIT 1 WAS DRIVING NB ON BARTON SHORE DR WHEN UNIT 1 RAN OFF THE RAODWAY LEFT AND CRASHED INTO THE GUARD RAIL AND COMING TO A STOP AGAINST A TREE. UNIT 1 WAS TOWED. NO CITATION. UNIT 1 DRIVER WAS DRIVEN TO THE HOSPITAL BY HIS FATHER DUE TO POSSIBLE BROKEN FINGER. ,
1332739,9300-1,220104083,12/29/2022,03:53,1,Single Motor Vehicle,Dark-Unlighted,Dry,2,45,Suffix,MI,24,M,B,01,Other,Shoulder and Lap Belt,Not Deployed,NONE,NONE,2015,NISSAN,BLACK,"Passenger Car, SUV, Van",NE,Private,Leaving Roadway,UNIT 1 WAS TRAVELING SB ON DIXBORO JUST PAST WOODRIDGE. UNIT 1 THEN LEFT THE ROADWAY ON THE EAST SIDE SHOULDER. <PERSON> IN THE VEHICLE EVENTUALLY FACING NE IN A DITCH AT THE BOTTOM OF THE HILL.\N\NDRIVER OF UNIT 1 WAS ARRESTED ON SUSPICION OF OWI. THE VEHICLE WAS TOWED BY BREWERS TOWING. ,"+ <PERSON>
- THIS
- RESULTED"
1331758,9300-1,220103590,12/27/2022,07:39,1,Single Motor Vehicle,Daylight,Ice,2,55,Suffix,MI,55,M,W,01,Speed Too Fast,Shoulder and Lap Belt,Not Deployed,NONE,NONE,2006,JEEP,SILVER,"Passenger Car, SUV, Van",E,Private,Going Straight Ahead,"UNIT 1 WAS TRAVELING EB ON WARREN RD APPROACHING EARHART. UNIT 1 STATED THAT A DEER RAN OUT IN FRONT OF HIM TO AVOID THE DEER, IT APPEARS HE SWERVED CAUSING HIS VEHICLE TO LEAVE THE ROADWAY. THE VEHICLE STRUCK THE DITCH CAUSING IT TO OVERTURN. CITATION WAS ISSUED FOR NO INSURANCE. ",